"City","Country","Quality of Life Index","Purchasing Power Index","Safety Index","Healthcare Index","Cost of Living Index","Property Price to Income Ratio","Traffic Commute Time Index","Pollution Index","Climate Index"
"Canberra","Australia","224.30","146.53","78.66","79.91","69.73","5.44","22.93","13.95","82.72"
"Eindhoven","Netherlands","216.39","127.31","74.89","85.62","71.79","4.48","21.38","18.52","85.38"
"Raleigh","United States","216.05","160.35","69.43","74.93","70.06","2.58","33.51","21.59","83.88"
"Adelaide","Australia","206.65","126.41","67.84","74.20","67.47","4.43","29.75","19.67","94.96"
"Zurich","Switzerland","204.42","139.94","81.73","75.00","126.87","9.46","33.63","15.94","81.48"
"Madison","United States","204.36","136.40","72.41","79.58","63.48","3.30","23.88","20.78","51.64"
"Brisbane","Australia","202.90","130.82","65.70","82.21","69.78","6.50","41.00","20.80","98.07"
"Wellington","New Zealand","201.96","107.79","71.02","72.85","72.36","7.32","27.33","15.21","97.68"
"Columbus","United States","195.88","127.33","57.64","75.28","65.79","2.31","25.21","24.37","71.29"
"Charlotte","United States","195.85","145.53","54.83","75.00","75.63","2.40","38.02","28.22","84.05"
"Ottawa","Canada","194.97","130.21","75.58","74.58","65.19","4.82","32.53","17.93","44.46"
"Victoria","Canada","194.79","99.83","68.01","72.13","67.22","7.74","27.05","16.28","92.52"
"Copenhagen","Denmark","194.51","109.33","76.17","77.12","84.59","8.85","28.89","21.47","83.74"
"Perth","Australia","194.31","130.69","56.33","77.13","73.61","6.35","37.18","24.86","95.71"
"Luxembourg","Luxembourg","193.24","112.79","74.51","78.10","89.64","10.69","33.65","17.15","82.62"
"Vienna","Austria","193.07","98.23","77.45","79.05","69.12","12.73","24.76","16.99","80.35"
"San Diego","United States","192.68","136.48","63.82","71.77","72.67","6.01","36.81","34.82","97.08"
"Austin","United States","192.57","143.76","65.40","70.58","69.94","4.03","35.07","36.97","82.01"
"San Jose","United States","192.57","172.52","58.04","68.83","76.36","6.10","34.42","50.85","95.53"
"Quebec City","Canada","190.79","131.85","85.28","67.14","64.50","3.56","30.52","33.25","47.98"
"Edinburgh","United Kingdom","190.43","102.18","69.13","80.38","69.50","8.70","27.66","23.54","84.01"
"Reykjavik","Iceland","190.37","93.11","79.29","67.66","102.20","6.45","20.04","14.73","68.81"
"Dallas","United States","188.66","158.15","50.48","66.33","66.95","2.36","36.14","39.80","81.85"
"Munich","Germany","188.48","110.33","83.02","80.66","73.37","16.11","33.16","22.08","75.98"
"Seattle","United States","188.21","139.20","55.32","72.51","84.16","6.16","42.99","27.96","91.73"
"Geneva","Switzerland","187.84","126.36","72.11","69.92","118.87","10.34","24.81","29.44","82.61"
"Portland","United States","187.61","123.51","54.77","70.31","74.93","4.93","33.22","27.19","89.56"
"Cork","Ireland","186.62","100.71","69.84","54.61","72.43","4.48","32.73","18.41","89.78"
"Helsinki","Finland","186.40","105.32","77.42","73.93","78.33","12.39","32.08","13.01","62.79"
"San Antonio","United States","186.37","135.39","53.89","69.24","61.87","2.24","29.19","39.40","80.58"
"Kansas City","United States","185.36","135.13","39.77","75.25","68.81","2.08","24.54","33.71","75.08"
"Gothenburg","Sweden","185.31","112.94","56.49","71.10","71.49","10.65","23.85","18.99","77.49"
"Spokane","United States","185.17","121.07","49.35","59.86","65.35","3.18","24.17","18.67","67.12"
"Jacksonville","United States","185.15","133.31","41.71","74.83","69.00","2.03","35.19","32.56","87.81"
"Sacramento","United States","183.61","131.20","51.41","70.71","77.76","3.71","26.58","42.46","90.64"
"Melbourne","Australia","183.33","120.94","55.67","75.18","72.11","9.14","39.22","27.63","94.30"
"Glasgow","United Kingdom","183.26","110.77","55.14","84.35","64.25","6.05","36.27","30.00","84.78"
"Calgary","Canada","183.08","131.66","68.61","76.24","68.40","5.23","32.89","25.35","33.09"
"Tampa","United States","182.85","123.80","52.20","66.69","70.46","3.18","36.33","28.93","84.67"
"Oakland","United States","182.68","134.28","35.89","80.40","84.24","6.14","32.36","33.78","96.40"
"Stuttgart","Germany","181.75","121.80","74.78","71.98","66.60","10.05","32.05","41.15","81.07"
"Minneapolis","United States","181.51","125.90","51.28","80.03","75.33","3.11","33.38","23.49","49.46"
"The Hague (Den Haag)","Netherlands","181.01","93.16","70.58","78.68","76.41","7.32","42.00","25.89","90.61"
"Boston","United States","181.01","121.89","66.79","75.60","82.68","8.48","43.36","25.29","71.73"
"Saint Louis","United States","180.96","137.40","32.84","79.39","66.77","2.38","27.50","36.42","74.75"
"Salt Lake City","United States","179.53","144.68","74.80","70.19","63.38","3.63","34.72","58.00","66.52"
"Sydney","Australia","178.92","120.47","61.46","72.76","78.39","11.02","43.70","31.13","97.07"
"Cincinnati","United States","178.51","126.99","48.93","68.50","63.48","2.40","26.61","39.77","73.24"
"Mississauga","Canada","178.41","121.14","56.41","68.16","65.05","8.23","30.81","22.41","58.72"
"Rotterdam","Netherlands","178.32","104.49","63.89","81.30","70.59","6.69","30.35","42.48","87.89"
"Albuquerque","United States","178.03","122.06","31.37","72.22","64.20","3.05","26.44","22.54","67.06"
"Valencia","Spain","178.01","86.91","69.84","82.10","54.06","7.66","27.10","43.76","93.84"
"Hamburg","Germany","177.64","108.24","53.39","78.98","72.84","9.76","31.36","28.20","82.75"
"Nashville","United States","177.50","134.42","52.04","62.05","67.50","3.09","35.71","40.64","83.02"
"Cologne","Germany","177.21","125.17","58.71","76.91","67.19","9.21","37.95","39.53","84.85"
"Bristol","United Kingdom","176.87","111.48","60.41","73.24","69.07","8.16","27.91","41.55","88.51"
"San Francisco","United States","175.88","134.05","51.03","71.19","91.67","9.26","44.56","35.15","97.26"
"Tallinn","Estonia","175.51","75.29","79.48","70.65","52.80","9.65","28.56","22.23","64.28"
"Tucson","United States","175.03","115.99","48.47","59.18","67.99","2.62","32.16","27.00","72.66"
"Leeds","United Kingdom","175.02","113.13","57.38","83.89","65.10","6.80","32.13","46.94","84.59"
"Kelowna","Canada","174.26","105.57","51.81","71.30","66.99","5.36","29.30","23.34","59.65"
"Dubai","United Arab Emirates","174.04","133.54","82.96","66.51","55.09","3.85","39.72","52.50","50.27"
"Amsterdam","Netherlands","173.29","96.16","65.52","70.74","80.88","11.31","30.93","30.77","87.45"
"Frankfurt","Germany","172.95","119.06","55.88","72.39","70.81","11.07","27.46","41.88","84.72"
"Edmonton","Canada","172.90","119.88","58.28","78.08","65.23","4.44","30.59","29.80","32.11"
"Orlando","United States","172.42","115.68","44.49","65.30","69.38","2.96","37.08","34.29","87.23"
"Abu Dhabi","United Arab Emirates","172.29","106.60","89.03","68.74","62.64","5.78","26.53","47.52","43.89"
"Halifax","Canada","172.05","96.73","57.89","71.09","68.86","6.11","28.86","24.38","58.99"
"Auckland","New Zealand","171.51","96.88","54.00","74.91","76.98","11.81","37.84","28.62","99.89"
"Vancouver","Canada","171.25","91.45","63.71","73.76","67.88","16.18","37.32","23.17","91.15"
"Ljubljana","Slovenia","171.22","72.81","77.24","63.55","54.94","13.38","25.40","24.13","77.14"
"Tokyo","Japan","171.18","102.66","83.49","80.65","88.45","13.39","40.61","44.65","85.26"
"Pittsburgh","United States","171.14","109.13","63.99","74.87","74.79","2.21","39.50","43.59","72.13"
"Houston","United States","171.00","146.52","39.09","72.27","63.62","2.20","42.21","52.36","85.53"
"Atlanta","United States","169.90","145.47","36.37","64.21","72.26","2.93","44.22","44.70","89.73"
"Denver","United States","169.82","126.76","57.85","70.96","70.72","4.79","35.21","41.23","56.28"
"Gent","Belgium","168.62","90.10","75.08","83.72","73.71","9.04","43.13","45.07","88.72"
"Muscat","Oman","168.09","88.69","75.47","58.96","48.92","10.54","18.61","39.54","67.22"
"Baltimore","United States","167.98","125.36","28.75","80.29","75.24","2.59","32.74","43.88","81.24"
"Mangalore","India","167.93","69.57","74.58","78.31","23.25","14.16","32.20","27.21","66.65"
"Hamilton","Canada","167.55","125.58","52.83","82.51","59.71","6.22","35.81","48.53","61.06"
"Doha","Qatar","167.25","135.96","87.83","72.29","58.90","5.69","31.66","66.84","36.03"
"Indianapolis","United States","166.91","116.83","44.83","68.96","67.05","2.26","30.83","43.11","69.92"
"Berlin","Germany","166.80","104.74","60.19","70.27","68.62","10.53","33.21","40.63","83.35"
"Washington","United States","166.58","126.08","42.72","71.58","91.99","4.85","41.63","39.26","81.62"
"Oslo","Norway","166.49","100.91","61.61","73.43","101.90","10.91","33.48","24.32","59.99"
"Stockholm","Sweden","166.45","104.00","52.82","68.13","78.75","14.42","37.16","16.73","69.67"
"Gdansk","Poland","164.78","72.35","68.23","60.51","41.65","10.35","28.17","28.58","75.51"
"Brno","Czech Republic","164.58","75.19","73.26","76.22","46.00","11.45","24.99","45.20","78.17"
"Bursa","Turkey","164.45","43.84","76.42","79.35","36.02","5.84","35.23","40.65","93.39"
"Montreal","Canada","164.39","107.95","68.15","62.49","62.47","7.16","41.17","32.00","52.37"
"Honolulu","United States","164.22","101.03","56.22","69.92","95.67","8.66","42.52","36.85","95.33"
"Zagreb","Croatia","162.04","64.64","75.68","65.50","51.12","11.49","33.75","32.48","81.82"
"Chicago","United States","161.24","133.36","35.36","68.37","77.75","3.54","40.99","41.03","66.11"
"Phoenix","United States","159.55","143.14","46.51","66.79","65.88","2.80","30.51","61.42","53.76"
"Limassol","Cyprus","159.43","80.00","68.28","49.66","58.16","8.19","17.06","53.94","95.74"
"Prague","Czech Republic","159.16","73.39","74.05","73.10","48.40","17.69","33.46","36.13","80.67"
"Milwaukee","United States","158.89","102.27","34.71","66.46","70.22","2.95","30.20","31.80","60.96"
"Vilnius","Lithuania","158.85","60.43","70.82","66.75","48.26","13.24","28.37","26.05","66.59"
"Las Vegas","United States","158.08","133.59","44.30","54.41","67.81","2.78","28.19","52.12","57.40"
"Antwerp","Belgium","157.90","94.55","64.93","77.22","72.18","6.01","36.67","60.27","85.42"
"Birmingham","United Kingdom","157.35","96.21","44.32","73.74","63.07","7.97","36.29","44.40","87.66"
"Singapore","Singapore","156.91","103.77","78.53","70.30","69.79","21.56","42.15","32.29","57.45"
"Philadelphia","United States","156.51","118.48","41.91","72.54","80.19","3.31","41.92","51.82","77.98"
"Porto","Portugal","155.43","53.20","58.54","73.75","50.98","12.81","28.69","36.85","96.61"
"Cluj-Napoca","Romania","155.06","54.22","78.84","65.44","37.81","13.49","27.20","39.21","74.35"
"Tel Aviv-Yafo","Israel","153.09","86.31","68.99","72.60","78.46","20.43","37.74","43.66","93.88"
"Miami","United States","151.75","86.92","47.09","64.04","80.45","5.91","43.02","37.91","85.69"
"Nizhny Novgorod","Russia","151.74","39.18","75.71","83.88","38.57","11.86","26.32","32.45","45.51"
"Toronto","Canada","151.16","87.38","64.37","74.84","80.68","13.07","42.53","37.94","65.35"
"Brussels","Belgium","150.85","96.71","50.60","78.16","75.45","6.91","32.43","62.51","83.85"
"Madrid","Spain","150.74","79.59","64.85","78.58","60.48","12.26","35.24","56.28","85.47"
"Los Angeles","United States","150.65","113.47","52.87","65.87","78.20","7.72","47.16","60.35","95.50"
"Regina","Canada","150.64","107.97","44.18","67.16","65.69","4.66","18.15","38.94","14.28"
"Riyadh","Saudi Arabia","150.49","113.49","70.52","64.25","49.42","3.18","30.13","71.23","44.45"
"Poznan","Poland","149.89","65.78","73.45","63.94","39.58","10.46","31.00","51.92","77.41"
"Bratislava","Slovakia","149.82","70.00","69.72","58.37","48.40","12.40","30.38","46.29","80.72"
"Lisbon","Portugal","149.54","51.16","69.22","70.76","53.67","18.00","35.45","38.41","98.59"
"Haifa","Israel","148.51","91.12","67.46","74.59","73.82","11.16","30.33","73.48","93.57"
"Winnipeg","Canada","147.68","107.75","44.61","68.47","60.44","4.91","32.36","39.30","24.67"
"Manchester","United Kingdom","147.53","96.52","44.19","77.70","67.68","9.09","40.57","55.62","86.95"
"Dublin","Ireland","146.98","90.73","49.55","49.67","77.39","10.57","38.06","37.87","85.89"
"Cape Town","South Africa","146.52","73.90","29.94","71.62","43.17","8.40","44.40","36.70","98.19"
"Seoul","South Korea","146.19","96.41","65.51","84.01","82.78","20.67","42.15","47.26","68.39"
"Manama","Bahrain","145.76","70.89","74.51","64.37","55.95","8.25","29.71","57.50","64.31"
"Timisoara","Romania","144.87","53.69","74.82","64.19","37.26","11.40","25.73","58.57","82.05"
"Warsaw","Poland","144.58","73.97","73.41","62.64","42.64","12.14","36.31","55.62","74.61"
"Riga","Latvia","143.82","55.47","62.62","58.30","50.37","9.84","32.69","40.01","74.70"
"Islamabad","Pakistan","143.60","46.21","67.12","64.10","23.14","9.45","30.88","48.80","76.91"
"Minsk","Belarus","143.39","45.98","77.01","60.11","33.40","14.10","28.62","40.88","64.37"
"Brasilia","Brazil","143.16","63.18","36.25","49.14","47.05","11.62","29.66","32.60","98.97"
"Jeddah (Jiddah)","Saudi Arabia","143.15","102.74","61.98","55.97","49.58","3.33","33.20","72.73","66.17"
"Durban","South Africa","142.35","87.84","20.23","51.43","39.96","3.27","27.62","51.40","95.61"
"Nicosia","Cyprus","142.27","60.65","70.67","49.65","64.65","7.98","21.94","60.66","86.01"
"Barcelona","Spain","141.85","76.02","57.25","75.36","60.20","13.81","31.03","65.83","95.73"
"San Juan","Puerto Rico","141.26","101.61","30.44","60.33","66.46","3.78","38.42","49.28","71.25"
"Wroclaw","Poland","141.01","67.54","70.04","61.85","41.02","10.20","33.20","61.49","78.39"
"Izmir","Turkey","140.65","43.44","72.47","71.92","35.24","9.12","39.22","62.65","96.88"
"Taipei","Taiwan","139.63","57.09","84.14","85.38","63.09","32.23","31.50","49.90","84.38"
"New York","United States","138.86","100.00","55.78","63.49","100.00","11.66","42.53","57.08","79.66"
"Varna","Bulgaria","137.25","48.85","68.24","60.89","38.52","8.96","30.28","61.76","85.08"
"Curitiba","Brazil","134.85","38.68","35.58","64.25","40.63","14.31","31.14","35.05","99.60"
"Iasi","Romania","134.81","53.58","74.56","57.98","36.08","10.84","33.44","60.41","73.04"
"Krakow (Cracow)","Poland","134.79","69.33","71.16","62.38","40.43","11.75","30.69","70.43","73.86"
"Detroit","United States","133.44","100.19","28.16","63.75","60.04","1.72","47.43","55.17","66.03"
"Novi Sad","Serbia","133.07","45.24","57.70","46.74","34.76","16.41","18.16","47.41","84.02"
"Pretoria","South Africa","132.37","78.18","19.61","67.42","46.98","2.71","41.96","58.84","95.83"
"Thessaloniki","Greece","131.87","47.68","65.05","56.19","56.49","10.74","26.19","63.27","88.39"
"Ankara","Turkey","130.16","49.39","58.65","66.99","34.29","6.91","36.32","71.58","91.49"
"Monterrey","Mexico","130.02","65.93","48.63","63.13","34.98","6.86","31.30","70.05","80.37"
"Turin","Italy","129.74","79.05","42.69","67.22","68.64","9.02","30.31","71.44","85.66"
"Johannesburg","South Africa","129.37","89.95","19.71","58.96","45.76","3.55","42.31","61.84","91.38"
"Montevideo","Uruguay","128.79","53.54","44.88","64.95","56.67","12.88","40.00","52.76","98.04"
"Hyderabad","India","128.79","67.71","65.08","67.46","24.00","7.70","41.96","76.88","73.54"
"Bangalore","India","128.65","88.26","54.25","68.55","27.88","8.15","50.61","82.13","89.39"
"Pune","India","127.65","74.97","62.09","68.18","27.40","11.37","43.05","74.69","74.32"
"Coimbatore","India","127.62","53.91","64.86","70.26","22.31","10.52","51.95","62.69","78.10"
"Milan","Italy","127.59","68.87","55.58","71.06","72.64","17.28","37.39","63.46","88.12"
"Sofia","Bulgaria","127.34","61.30","55.71","54.15","40.17","8.87","30.16","66.10","76.01"
"Athens","Greece","126.58","50.25","51.89","54.39","58.31","10.30","35.95","58.25","95.18"
"Campinas","Brazil","126.21","47.43","32.83","61.57","46.77","11.90","34.06","49.73","98.87"
"Budapest","Hungary","126.07","57.54","63.49","46.68","45.56","14.83","37.90","52.74","78.41"
"London","United Kingdom","125.67","92.76","48.52","67.85","81.40","20.83","47.03","59.65","88.25"
"Paris","France","125.09","89.27","47.98","74.82","84.27","19.12","42.64","67.71","88.39"
"Medellin","Colombia","122.75","35.97","53.92","76.71","30.53","16.83","38.16","65.36","99.76"
"Quito","Ecuador","122.49","43.73","46.72","69.51","46.52","11.56","39.96","64.44","98.97"
"Yerevan","Armenia","122.13","33.68","77.63","47.89","32.63","14.98","27.88","57.42","63.42"
"Bucharest","Romania","120.77","57.53","72.26","53.69","39.60","11.08","41.53","73.87","75.61"
"Guadalajara","Mexico","120.33","48.77","42.07","78.18","32.94","11.94","40.34","70.52","92.83"
"Ahmedabad","India","119.59","59.11","63.27","68.70","24.06","8.27","39.48","73.76","49.27"
"Gurgaon","India","118.57","104.00","38.66","72.34","30.85","7.78","39.37","91.06","59.87"
"Tbilisi","Georgia","117.95","34.58","80.24","52.67","28.47","12.89","36.09","77.04","84.20"
"Santiago","Chile","116.18","52.15","49.54","66.80","50.62","14.45","38.53","71.19","90.21"
"Lviv","Ukraine","115.36","31.68","61.56","56.27","26.93","16.02","35.69","55.88","69.61"
"San Jose","Costa Rica","115.10","46.97","43.44","63.15","54.50","8.16","67.34","54.81","99.48"
"Amman","Jordan","113.80","40.96","58.40","66.78","56.76","8.02","44.21","78.56","89.05"
"Panama City","Panama","112.69","41.08","54.30","59.51","54.57","11.73","35.97","63.20","67.84"
"Buenos Aires","Argentina","112.47","53.49","37.13","69.18","35.30","23.81","48.51","54.50","98.28"
"Belgrade","Serbia","112.44","38.01","62.75","54.78","39.30","22.21","34.73","60.90","84.14"
"Porto Alegre","Brazil","111.77","40.95","21.96","61.13","42.38","13.34","32.54","58.64","98.68"
"Guatemala City","Guatemala","111.76","43.45","39.58","64.38","42.89","10.91","47.82","68.02","99.89"
"Saint Petersburg","Russia","111.59","52.08","60.11","58.67","37.22","14.17","48.54","61.22","60.64"
"Istanbul","Turkey","111.44","42.03","51.01","67.87","37.66","12.49","52.57","69.73","93.02"
"Kuala Lumpur","Malaysia","110.13","76.11","32.98","65.01","41.81","11.41","40.09","69.03","56.55"
"Rome","Italy","110.01","64.52","46.99","59.63","69.84","19.80","46.29","66.67","93.70"
"Sarajevo","Bosnia And Herzegovina","108.09","45.32","48.90","51.36","39.11","14.05","28.69","73.18","78.18"
"Belo Horizonte","Brazil","107.78","35.19","34.02","59.22","43.53","16.89","45.47","53.76","98.50"
"Chennai","India","107.52","62.95","58.85","70.76","24.97","15.60","45.79","78.22","53.22"
"Beirut","Lebanon","105.60","49.12","54.94","68.81","60.41","15.14","38.23","90.47","94.74"
"Skopje","North Macedonia","105.46","40.38","55.19","58.89","34.38","14.65","28.22","82.62","76.30"
"Moscow","Russia","105.39","61.74","58.49","57.79","41.46","18.41","53.68","61.32","55.83"
"Kiev (Kyiv)","Ukraine","104.51","39.00","52.00","53.86","30.27","14.28","39.66","67.21","69.95"
"Odessa (Odesa)","Ukraine","102.76","31.42","47.43","53.89","29.25","15.58","36.81","66.75","79.00"
"Davao","Philippines","102.71","23.17","71.25","71.86","34.82","31.84","27.61","61.99","58.57"
"Kharkiv","Ukraine","101.99","30.83","55.42","44.49","27.34","13.38","38.09","63.71","65.35"
"Hong Kong","Hong Kong","100.90","69.34","80.68","67.35","78.14","49.42","41.00","66.39","83.64"
"Baku","Azerbaijan","99.58","31.58","70.56","36.87","29.69","18.16","38.66","79.63","91.40"
"Lahore","Pakistan","98.49","36.38","57.94","64.80","23.54","17.97","41.24","78.78","67.56"
"Yekaterinburg","Russia","96.75","48.00","51.57","62.74","34.33","11.19","33.24","73.80","21.33"
"Hanoi","Vietnam","96.73","39.09","56.87","51.89","38.93","16.86","25.31","91.56","79.04"
"Dnipro","Ukraine","94.31","34.84","44.94","48.71","28.72","11.14","32.25","81.93","69.52"
"Bangkok","Thailand","93.80","41.15","54.25","78.52","55.25","22.94","45.92","73.85","58.39"
"Bogota","Colombia","93.48","30.49","39.10","65.38","32.48","23.97","47.76","68.55","97.12"
"Kolkata","India","93.42","55.02","49.31","58.51","24.72","11.03","61.06","79.37","60.90"
"Mexico City","Mexico","92.82","49.76","31.83","64.25","35.30","15.60","50.68","82.53","92.37"
"Novosibirsk","Russia","90.00","46.05","55.05","59.15","32.10","10.84","45.57","72.23","16.14"
"Colombo","Sri Lanka","89.18","26.24","60.73","71.23","32.31","29.61","58.20","56.92","59.11"
"Almaty","Kazakhstan","87.69","40.18","27.18","51.10","30.19","12.42","30.57","76.69","58.30"
"Delhi","India","83.16","61.15","40.36","66.78","28.00","15.80","55.97","91.88","58.90"
"Karachi","Pakistan","82.06","33.20","41.57","58.70","21.58","16.85","39.12","91.04","71.32"
"Lima","Peru","81.87","37.25","31.46","55.55","39.82","16.64","51.84","85.51","97.69"
"Sao Paulo","Brazil","78.76","39.40","28.15","55.09","46.73","20.62","51.42","82.67","99.04"
"Kathmandu","Nepal","78.69","25.32","64.89","55.51","31.19","29.22","41.79","95.60","92.64"
"Cairo","Egypt","76.45","24.72","47.60","42.91","27.87","12.75","51.72","93.73","88.45"
"Tehran","Iran","75.30","34.47","45.99","51.52","39.63","19.22","53.51","83.72","70.99"
"Mumbai","India","74.73","54.40","57.24","67.85","29.03","39.27","57.25","83.72","71.48"
"Shanghai","China","73.33","63.51","48.37","61.20","50.29","45.10","49.75","80.43","83.64"
"Ho Chi Minh City","Vietnam","72.64","29.87","43.78","55.48","38.39","22.92","31.29","93.21","63.44"
"Nairobi","Kenya","72.26","27.67","42.53","57.52","42.05","32.32","56.73","77.17","99.79"
"Jakarta","Indonesia","71.32","27.50","46.62","58.95","41.52","21.24","55.91","81.71","63.76"
"Rio de Janeiro","Brazil","70.38","35.61","22.02","42.72","46.49","23.58","52.55","70.29","88.22"
"Manila","Philippines","67.42","38.84","40.57","60.47","38.92","19.72","56.44","91.75","61.23"
"Beijing","China","65.11","70.73","47.21","63.29","43.71","45.30","45.00","88.71","57.64"
"Dhaka","Bangladesh","60.46","38.45","32.91","37.92","33.91","13.23","63.25","93.08","71.29"
"Lagos","Nigeria","51.31","14.44","35.78","53.02","34.84","17.23","73.88","84.24","60.75"
"Caracas","Venezuela","0.00","3.86","16.90","41.10","25.01","143.21","40.32","73.51","99.93"
